"id","name","address1","city","postcode","phone","org_type","cat_crime","cat_debt","cat_housing","cat_immigration_or_asylum","cat_welfare_benefits"
"1","Moore-Watson","4 Mitchell turnpike","West Damianside","NN55 9UF","+44(0)289018562","charity","1","0","0","0","0"
"2","Doyle PLC","45 Brian hills","Leahport","G29 3HY","+441174960989","mediation","1","0","1","0","1"
"3","Haynes-Holloway","6 Carey ville","Lake Edwardborough","S4 9YJ","+441632 960 169","mediation","1","1","1","0","1"
"4","Brown-Chamberlain","573 Clifford lights","Joshuafurt","M9 5UB","+44(0)1914960707","charity","0","1","1","1","1"
"5","Randall, Chapman and Jones","40 Moore prairie","New James","CA14 9QE","09098790351","private","0","0","1","1","1"
"6","Holmes Group","103 Daniel grove","Davieshaven","OL7 6FL","0292018860","private","0","1","0","1","0"
"7","Yates-Jarvis","8 Johnson branch","Port Pamela","SO36 3NQ","+44114 4960308","solicitor","0","1","1","0","1"
"8","Bibi PLC","2 Christopher way","Lake Kimfurt","KT21 3DZ","+44(0)113 4960032","solicitor","1","0","1","1","1"
"9","Stewart, Wright and Davies","05 Kenneth lodge","West Kate","E8D 7WH","028 9018 0368","charity","1","1","0","0","0"
"10","Schofield and Sons","7 Jill port","Swifttown","L9 2HQ","0113 4960754","private","1","1","0","1","0"
"11","Evans, Parker and Harper","031 Tucker cliff","New Katemouth","M5G 2GJ","(0113) 4960043","solicitor","0","0","1","1","1"
"12","Jenkins-Williams","7 Leon locks","Joannahaven","PH2 3RW","+44(0)1632960784","charity","1","1","1","1","0"
"13","King, Singh and Waters","0 Glenn crossing","Thomasstad","E4 6TH","0113 496 0659","private","0","0","0","0","1"
"14","Davies, Adams and Clayton","1 Leon brook","Lewisbury","E87 1HN","+44(0)117 4960954","charity","0","0","0","0","1"
"15","Bibi-Hayes","11 Dylan square","Connorstad","S7 6NF","(0131) 496 0551","charity","0","0","0","1","0"
"16","Davies-Fisher","1 Harris junctions","Ashleighchester","ME6 1RX","+44(0)115 4960470","mediation","1","1","0","1","1"
"17","Russell, Noble and Tomlinson","941 Clifford highway","Simontown","UB0 2UZ","+44(0)121 496 0720","charity","1","1","1","0","1"
"18","Holmes-Baker","7 Burrows islands","Oliverhaven","CR1E 8NL","029 2018085","charity","0","0","1","0","0"
"19","Smith, Taylor and Greenwood","45 Thornton crescent","East Graham","DH7 3WW","(0151) 496 0911","mediation","0","0","0","1","1"
"20","Morgan, Clarke and Butcher","117 Kerry way","West Billymouth","CW26 3GP","+442074960842","solicitor","0","0","0","0","1"
"21","Lawrence Inc","017 Rhys fork","Edwardsfort","B7B 7RQ","(0191) 4960418","charity","0","0","0","0","0"
"22","Campbell, Ryan and Ball","789 Carpenter estates","South Barbaramouth","G37 7QG","+44(0)1914960646","mediation","0","0","0","0","1"
"23","Dunn, Barrett and Andrews","450 Smith streets","Port Terry","DA6A 0JS","(0151) 4960330","mediation","0","0","0","1","0"
"24","Watkins-Shah","6 Jordan rapid","West Normanton","N1J 9BG","+44289018780","charity","1","0","1","1","1"
"25","Robson PLC","497 Howard park","Leesburgh","G0G 0BD","+4429 2018 0277","private","0","1","1","1","1"
"26","Smith-Begum","2 Norton rest","North Victor","B5T 5YY","+44151 496 0870","charity","1","0","1","0","0"
"27","Bishop, Bell and Hayes","50 Harrison crescent","Bartonville","L7F 8NE","+44(0)1184960629","private","1","0","0","0","0"
"28","Bell, Long and Dobson","621 Lee mount","East Garethside","CR8E 7ZH","+441164960818","private","0","0","1","1","0"
"29","Walker LLC","94 Blackburn inlet","Taylorville","BH8 3ZT","(01632) 960379","mediation","1","0","0","1","1"
"30","Bray-Jackson","3 Lindsey ranch","Chloeton","B6J 9PD","(020) 7496 0357","charity","0","1","0","0","0"
"31","Davies-Harding","41 Eileen course","Carolport","W2 2HN","+44808 1570015","mediation","1","1","0","1","0"
"32","Watkins-Pope","1 Nicole fork","Edwardtown","LU0B 9DE","01174960070","private","0","1","0","0","1"
"33","Bond, Evans and Barnett","230 Robert crescent","Bellport","DN1V 6WR","(0191)4960284","solicitor","1","0","1","0","1"
"34","George Inc","6 Elizabeth mountains","New Deborahside","JE1 6SH","0114 496 0992","solicitor","1","0","1","1","0"
"35","Parkinson-Cook","43 Mills crossing","Jonesmouth","WN3 1ST","02074960281","charity","1","1","1","0","1"
"36","Jones-Owens","67 Turner crossroad","South Leonard","W29 3LU","(029)2018613","solicitor","1","0","0","1","0"
"37","Atkins, Vincent and Woods","1 Barnes locks","New Sian","CF1 5BS","0141 496 0917","solicitor","0","1","0","0","1"
"38","Bowen, Rhodes and Bird","944 Owen prairie","Powertown","WC94 3QH","(0161)4960610","private","1","1","1","0","1"
"39","Mellor, Holloway and Lawrence","42 Williams grove","Shaunberg","EN10 0US","+449098790496","charity","1","1","0","1","0"
"40","Ahmed, Morgan and Ashton","477 Holmes bridge","East Deborahfurt","G8D 5EH","(0161) 496 0913","charity","1","0","0","0","0"
"41","Gray Group","5 Richard greens","North Danielleland","M1W 0PG","(0115) 4960710","mediation","0","0","0","1","1"
"42","Wells-Davey","92 Clark shore","East Francesport","S7K 0SQ","+44808 1570762","private","1","1","0","1","1"
"43","Cox-Whitehead","6 Rogers curve","Janeland","CB8E 2PZ","+44(0)20 74960949","mediation","1","1","1","1","0"
"44","Barton, Cooper and Pratt","7 Martyn loaf","New Davidside","B89 0FD","+44808 157 0152","mediation","1","0","0","1","1"
"45","Evans, Newton and Powell","80 Dickinson roads","South Matthew","L2U 1UR","(020) 74960086","private","0","1","1","0","1"
"46","Mitchell and Sons","3 Gerard squares","Alisontown","NR4 8WT","(0141) 496 0800","private","0","0","0","1","0"
"47","Ross Group","49 Tucker camp","North Liam","E0 4TZ","+44(0)909 879 0552","mediation","1","0","0","0","1"
"48","Evans-Burton","7 Spencer trail","Port Eileenmouth","TF0N 9AF","+44191 496 0024","solicitor","0","0","0","0","0"
"49","Davies Group","965 Norman drive","West Kirsty","SM0 7BE","+44(0)116 496 0631","charity","1","1","0","0","1"
"50","Morgan, Hall and Baldwin","772 Laura coves","Josephinebury","N1 3DG","(0909) 879 0459","solicitor","1","0","0","1","1"
"51","Horton PLC","320 Helen turnpike","North Tina","DD89 0TL","+441414960798","private","0","0","1","0","0"
"52","Wong, Slater and Storey","935 Simon oval","Katystad","DL11 6AP","(028)9018587","solicitor","0","0","0","0","1"
"53","Bailey and Sons","79 Daniel unions","Connorstad","LS9 7DF","+44(0)909 8790985","solicitor","0","1","1","1","1"
"54","Jackson, Townsend and Banks","3 Gerald port","Lake Mitchellfurt","BA4 1TA","0117 496 0567","solicitor","0","0","1","1","1"
"55","Mann LLC","685 Cooper plain","Lake Lydia","AL47 4JT","+44(0)191 496 0294","mediation","1","1","0","1","1"
"56","Johnson, Kelly and Bates","55 Smith burgs","Gerardstad","SR6M 7FJ","(0909) 8790721","mediation","1","1","1","1","0"
"57","Noble-Cox","080 Warner junctions","West Fionatown","N4 3UB","+441514960095","mediation","1","0","1","0","0"
"58","Newman, Khan and Hudson","64 Moran mall","Lake Aaronside","N20 1NU","+441414960178","private","1","1","0","1","1"
"59","Bradley LLC","9 Christine forges","East Damienland","AB2 0JU","+441632960307","charity","1","1","1","0","0"
"60","Wong-Dale","48 Newman vista","New Caroline","S6S 0HW","(0113)4960511","mediation","1","0","0","1","1"
"61","Oliver Inc","5 Walker fords","North Sandrafurt","IV1A 4WS","+44(0)117 496 0318","charity","1","0","1","1","0"
"62","Kelly-Pollard","055 Heath loaf","Guyview","CF47 6PG","(0141) 496 0554","solicitor","1","0","0","1","0"
"63","Thomas and Sons","86 Long fork","New Maurice","ML4P 4EW","+44(0)1632 960 568","solicitor","0","1","0","0","1"
"64","Burns LLC","157 Buckley heights","East Rhys","B51 2QY","+44(0)1164960750","solicitor","1","0","1","1","1"
"65","Bibi-Todd","64 Martyn bridge","Brownland","N1 1GW","(0151)4960832","charity","1","1","1","1","0"
"66","Price, James and Palmer","73 Denise ferry","South Abigail","AL0 2NB","01184960732","solicitor","1","1","1","1","1"
"67","Russell PLC","04 Lawrence throughway","Saraside","S4T 3BG","(0151)4960717","charity","1","0","0","0","1"
"68","Smith Inc","254 Oliver spurs","Juliechester","E7 1AL","+44(0)114 496 0686","mediation","0","0","1","1","0"
"69","Mason, Winter and Griffiths","82 Atkins drive","Port Maxberg","SW45 1RH","(0113) 4960197","solicitor","1","0","0","1","1"
"70","Webster-Middleton","666 Marilyn estates","West Stewart","WS0M 8FU","+44141 4960595","solicitor","0","1","1","1","0"
"71","Carter Inc","41 Claire groves","North Kevinmouth","L37 0BX","(028)9018672","solicitor","0","0","0","0","0"
"72","Webb, Chapman and Cox","6 Barrett pass","Ireneshire","SM0Y 5NU","(0131) 4960154","solicitor","0","0","0","1","0"
"73","Riley-Dean","972 Clements lodge","Andreachester","N0W 9XQ","+44(0)1614960261","mediation","1","0","0","1","1"
"74","Harrison LLC","07 Scott harbor","New Billy","LL8 7JZ","(0306) 999 0341","solicitor","0","0","0","1","0"
"75","Hopkins and Sons","273 Suzanne station","South Ritafurt","CT3 4WP","+4428 9018670","charity","0","1","1","0","0"
"76","Ferguson-Mason","59 Davis ports","Parkerview","HA6 2QY","+44131 4960905","solicitor","0","0","1","0","1"
"77","Webster LLC","3 Butcher haven","West Rebeccaview","SR0A 5FT","(0116) 496 0074","mediation","0","0","0","0","1"
"78","Ward PLC","778 Rhys glen","South Victoria","BL16 8UB","(0113) 4960116","solicitor","1","0","0","1","0"
"79","Jones-Porter","80 Denis point","New Damian","B97 4UL","(01632) 960 243","charity","1","0","1","0","1"
"80","Hussain, Butler and Robertson","814 Brown fall","New Adrian","RH53 1FR","+44(0)306 999 0135","mediation","1","1","0","0","0"
"81","Clayton-Hughes","156 Josephine mall","Brettton","GY6R 6AT","0114 4960747","solicitor","0","0","1","1","1"
"82","Benson-Jones","835 Hilton crossing","East Emily","G09 8AD","(020) 7496 0603","private","1","1","0","0","0"
"83","Hughes, Fry and Bentley","1 Stewart estates","Hickstown","G81 6YG","(0808) 1570252","mediation","1","1","1","1","0"
"84","Barrett-Wilson","646 Neil springs","Lake Daniel","MK4R 2BA","0151 4960222","solicitor","1","1","0","0","1"
"85","Rose, Bell and Brown","14 Janet village","East Frederickborough","GL4 6LR","(0191)4960062","charity","0","0","1","1","1"
"86","Smith PLC","970 Fox trail","New Michael","EX87 8TF","01144960127","mediation","0","1","0","1","1"
"87","Taylor Group","6 Collins creek","South Justinfort","G22 3RG","+44113 496 0060","mediation","0","0","1","1","1"
"88","Baker, Hawkins and Webster","05 Jonathan forest","Julianshire","G7T 4ET","(0141) 4960473","mediation","0","1","1","1","0"
"89","Roberts-Harper","70 Davies islands","Brownville","SN5R 6WE","(0808) 1570773","mediation","1","1","1","0","1"
"90","Lane, Thomas and Green","404 Robin lakes","West Dorothyside","E62 6RU","+44(0)118 4960928","private","0","1","0","1","1"
"91","Doherty-Marshall","71 Margaret falls","Gregoryburgh","NP45 2LJ","(028)9018463","private","0","0","1","0","0"
"92","Clarke, Smith and Edwards","2 Turner wall","Port Colin","S0 9LJ","(0117) 496 0399","private","1","0","1","1","1"
"93","Rahman-Bartlett","609 Miller plaza","Jadehaven","ME94 4HP","+44(0)117 4960853","mediation","1","1","0","0","1"
"94","Jones-Smart","5 Grant corner","West Nigelborough","G09 3TT","+441214960047","solicitor","0","0","0","0","0"
"95","Mitchell-Davies","661 Warren via","South Melanie","W45 7HS","+44(0)113 4960987","solicitor","0","1","1","0","1"
"96","Griffiths, Wilson and Ward","9 Donnelly burgs","South Matthewfurt","BD1H 3BP","028 9018019","charity","0","1","1","0","0"
"97","Hill, Gibson and Wade","2 Timothy wall","North Tracy","TA27 6WY","+44121 4960181","mediation","0","1","0","0","0"
"98","Lee, Russell and Stephenson","826 Victor lights","West Gemmamouth","NN6 9PP","+44115 4960998","private","1","1","1","0","1"
"99","Wilson-Morris","08 Michelle lakes","South Stephanie","M2 7FY","(0118) 496 0735","private","0","0","1","1","1"
"100","Taylor, Wallis and Hall","53 Smith street","Janetmouth","BL41 9PL","(0117) 4960979","private","0","1","1","0","1"
